State,Set 1,Count 1,Set 2,Count 2,Set 3,Count 3
Andaman Nicobar,74,1,"41,42,43",3,"05,02,08,06,01,09,11,10,03,07,04",11
Andhra Pradesh,"50,53,51,52",4,"05,91,57,84,26,71,60,14,56,10,62,51,20,22,34,93,21,72,65,76,25,80,86,15,73,30,32,01,92,81,61,82,42,07,12,94,52,35,40,74,06,43,09,85,24,83,54,23,31,41,03,63,02,08,33,70,90,53,55,11,58,44,75,50,13,64,00,04",68,"91,84,14,66,62,93,72,65,86,32,81,82,46,35,18,29,09,48,24,54,17,39,70,77,89,03,44,05,69,59,68,10,49,21,25,96,42,28,94,52,06,40,74,98,38,85,47,97,90,67,58,50,04,95,36,26,60,22,20,79,16,45,76,80,15,73,01,99,43,63,08,53,11,75,27,64,57,71,56,51,34,30,88,92,19,61,07,78,12,83,23,31,41,02,33,87,55,37,13",99
Arunachal Pradesh,79,1,"01,11,10,20,21,00",6,"12,22,02,20,15,14,13,01,55,11,10,51,03,21,23,04",16
Assam,78,1,"57,60,66,56,10,51,20,21,45,80,88,81,61,40,24,31,41,33,87,70,11,50,13",23,"91,84,14,66,62,93,72,65,86,32,81,82,46,35,18,29,09,48,24,54,17,39,70,77,89,03,44,05,69,68,59,10,49,21,25,96,42,28,94,52,06,40,74,98,38,85,47,90,67,58,50,04,95,26,36,60,22,20,79,16,45,76,80,15,73,01,99,43,63,08,53,11,75,27,64,57,71,56,51,34,30,88,92,19,61,07,78,12,83,23,31,41,02,33,87,55,37,13",98
Bihar,"80,47,84,85,83,81,82",7,"36,71,14,60,22,20,51,21,72,45,15,73,30,32,81,82,42,12,52,74,43,85,83,54,23,31,41,33,53,55,11,44,13,00",34,"91,84,14,66,62,72,65,86,32,81,82,46,35,18,29,09,48,24,54,17,39,70,77,89,03,44,05,69,59,68,10,49,21,25,96,42,28,94,52,06,40,74,98,38,85,47,97,90,67,58,50,04,95,26,36,60,22,20,79,16,45,76,80,15,73,01,99,43,63,08,53,11,75,27,64,57,71,56,51,34,30,88,92,19,61,07,78,12,83,23,31,41,02,33,87,55,37,13",98
Chandigarh,16,1,"00,01",2,"26,36,14,59,10,22,20,16,01,19,61,12,06,18,09,23,31,17,02,08,55,11,03",23
Chhattisgarh,"48,46,49",3,"36,71,14,66,60,56,10,62,51,20,34,21,16,45,72,65,75,00,15,73,32,61,42,46,19,12,35,52,40,18,74,43,38,54,31,41,17,39,47,63,33,70,55,53,37,11,77,50,13,64,44",51,"91,84,14,62,93,72,65,86,32,81,82,46,35,18,29,09,48,24,54,17,39,70,77,89,03,44,00,05,69,59,68,10,49,21,25,96,42,28,52,06,74,40,38,85,47,90,67,58,50,04,95,26,36,60,22,20,79,16,45,76,80,15,73,01,43,63,08,53,11,75,27,57,71,56,51,34,30,88,92,61,19,07,78,12,83,23,31,41,02,33,87,55,37,13",94
Dadra & Nagar Haveli ,39,1,62,1,"40,30,35",3
Daman & Diu,"36,39",2,"25,62",2,"20,10",2
Delhi,11,1,00,1,"91,84,14,66,62,93,72,65,32,81,82,46,35,18,29,48,24,54,17,39,03,44,05,59,10,49,21,25,96,42,28,94,52,06,40,38,85,47,67,58,04,26,36,60,22,20,16,45,15,73,01,43,63,08,53,11,75,27,64,57,71,56,51,34,30,92,19,61,07,12,83,23,31,41,02,33,55,37,13",79
Goa,40,1,"35,36,30,32,38,37,34,31",8,"05,26,14,10,22,20,21,16,25,15,30,01,19,07,28,12,06,18,29,09,24,23,03,17,02,08,11,27,13,04",30
Gujarat,"36,38,39,37",4,"05,91,84,36,71,26,60,14,10,62,22,20,51,34,21,93,45,72,65,76,80,25,86,15,73,30,01,32,27,92,81,82,42,46,61,28,12,78,77,52,35,40,06,18,43,74,48,85,83,24,54,23,31,41,03,17,63,02,47,33,70,90,87,55,53,11,37,44,75,50,13,64,00,04",74,"91,14,66,62,93,72,65,86,32,81,82,46,35,18,29,09,48,24,54,17,39,70,77,03,44,05,69,59,68,10,49,21,25,96,42,28,52,06,40,74,98,38,85,47,97,90,67,58,50,04,95,26,36,60,22,20,79,16,45,76,80,15,73,01,43,63,08,53,11,75,27,64,57,71,56,51,34,30,92,19,61,07,78,12,83,23,31,41,02,33,55,37,13",93
Haryana,"12,13",2,"60,10,51,20,22,34,21,45,30,32,61,42,52,35,40,43,31,41,33,11,50,44",22,"84,14,66,62,72,65,86,32,81,82,46,35,18,29,09,48,24,54,17,39,70,77,03,44,05,69,68,10,49,21,25,42,28,52,40,06,74,38,47,67,58,50,04,26,36,60,22,20,79,16,45,76,80,15,73,01,43,63,08,53,11,75,27,64,57,71,56,51,34,30,88,19,61,07,78,12,83,23,31,41,02,33,87,55,37,13",86
Himachal Pradesh,"95,17,49",3,"71,60,66,10,62,51,20,22,21,72,65,30,32,61,42,12,40,43,31,41,63,70,53,55,11,50,13,64,44",29,"91,84,14,62,93,65,86,32,81,46,35,18,29,09,48,24,54,17,39,89,03,44,05,59,10,49,21,25,96,42,28,94,52,06,40,74,38,85,47,90,58,50,04,95,26,36,60,22,20,16,45,76,15,01,43,63,08,53,11,75,27,1,64,57,51,34,30,88,92,19,61,07,12,83,23,31,41,02,33,87,55,37,13",83
Jammu & Kashmir,"19,18",2,"51,22,34,21,32,42,12,35,52,43,24,23,31,41,02,33,11,44,00",19,"05,57,26,36,14,59,60,56,10,22,20,51,34,21,16,45,25,15,30,01,32,61,46,42,07,28,12,35,52,06,98,13,43,29,09,48,24,23,31,41,17,02,47,08,33,55,53,11,58,27,03,44,04",53
Jharkhand,"80,84,83,81,82",5,"91,84,60,10,51,21,93,72,32,92,81,61,82,52,40,85,24,83,54,23,31,41,33,70,53",25,"05,57,36,26,14,66,59,56,50,10,62,49,51,20,22,34,21,16,45,25,15,30,01,32,19,46,07,42,28,12,35,52,06,18,40,43,29,09,38,48,24,54,23,31,41,03,17,39,02,08,33,53,55,11,58,27,13,44,04",59
Karnataka,"56,58,57,59",4,"05,71,14,62,22,51,21,16,72,45,76,15,73,32,01,61,42,12,52,74,18,43,54,31,41,17,02,70,53,11,75,50,13,00",34,"91,84,14,66,62,93,72,65,86,32,81,82,46,35,18,29,09,48,24,54,17,39,70,77,89,03,44,05,69,68,59,10,49,21,25,96,42,28,94,52,40,06,74,98,38,85,47,97,90,67,58,50,04,95,36,26,60,79,22,20,16,45,76,80,15,73,01,99,43,63,08,53,11,75,27,64,57,71,56,51,34,30,88,92,61,19,07,78,12,83,23,31,41,02,33,87,55,37,13",99
Kerala,"67,69,68",3,"95,05,91,36,60,66,56,10,51,20,93,16,65,25,80,86,15,30,01,81,61,96,07,35,06,85,23,31,03,63,97,33,87,55,53,11,67,50,13,00",40,"91,84,14,66,62,93,72,65,86,32,81,82,46,35,18,29,09,48,24,54,17,39,70,77,89,03,44,00,05,69,68,59,10,49,21,25,96,42,28,94,52,06,74,40,98,38,85,47,97,90,67,58,50,04,95,26,36,60,79,20,22,16,45,76,80,15,73,01,99,43,63,08,53,11,75,27,64,57,71,56,51,34,30,88,92,61,19,07,78,12,83,23,31,41,02,33,87,55,37,13",100
Lakshdweep,68,1,25,1,"57,59,56,55,58",5
Madhya Pradesh,"46,47,48,45",4,"84,14,66,62,72,65,86,32,81,82,46,35,18,09,48,24,54,17,39,70,77,89,03,00,44,05,68,10,49,21,25,42,52,06,74,40,38,85,47,67,58,50,04,36,60,79,20,22,16,45,76,80,15,73,01,43,63,08,53,11,75,64,57,71,56,51,34,30,19,61,78,07,12,83,23,31,41,02,33,55,37,13",82,"91,84,14,66,62,93,72,65,86,32,81,82,46,35,18,29,09,48,24,54,17,39,70,77,89,03,44,05,69,68,59,10,49,21,25,96,42,28,94,52,06,74,40,38,85,47,97,90,67,58,50,04,95,36,26,60,22,20,79,16,45,76,80,15,73,01,99,43,63,08,53,11,75,27,64,57,71,56,51,34,30,88,92,61,19,07,78,12,83,23,31,41,02,33,87,55,37,13",98
Maharashtra,"41,40,43,42,44",5,"05,57,26,36,14,66,60,68,56,50,10,62,49,51,22,20,34,21,16,45,65,25,80,15,30,32,01,19,46,42,61,28,12,07,35,52,40,06,18,43,29,38,48,24,54,23,31,41,03,17,63,47,02,39,33,55,67,53,11,37,44,58,27,13,64,00,04",67,"91,84,14,66,62,93,72,65,86,32,81,82,46,35,18,29,09,48,24,54,17,39,70,77,89,03,44,05,69,68,59,10,49,21,25,96,42,28,94,52,06,74,98,40,38,85,47,97,90,67,58,50,04,95,36,26,60,22,20,79,16,45,76,80,15,01,99,43,63,08,53,11,75,27,64,57,71,56,51,34,30,88,92,19,61,07,78,12,83,23,31,41,02,33,87,55,37,13",98
Manipur,79,1,"51,50",2,"05,26,36,50,10,22,51,20,34,21,16,45,25,15,30,01,32,46,42,28,35,06,40,43,29,38,24,23,31,41,39,02,47,33,37,11,58,27,03,44,04",41
Meghalaya,79,1,"41,40,30,31",4,"05,14,10,22,20,21,25,01,19,07,12,06,09,03,02,08,11,50,13,04",20
Mizoram,79,1,"65,63,69,60,66,67,62,64,61",9,"05,91,71,10,51,21,25,15,30,01,81,61,07,12,29,09,31,41,17,70,90,11",22
Nagaland,79,1,"71,70,86",3,"05,26,14,10,22,20,21,16,25,15,30,01,32,19,07,28,12,06,18,13,29,09,24,23,31,17,02,08,11,27,03,04",32
Orissa,"77,76,75",3,"91,71,60,10,22,20,21,80,30,81,61,42,82,12,40,41,70,90,11,50,00",21,"91,84,14,66,62,93,72,65,86,32,81,82,46,35,18,29,09,48,24,54,17,39,70,77,89,03,44,05,69,68,59,10,49,21,25,96,42,28,94,52,40,74,06,38,85,47,90,67,58,50,04,95,36,26,60,22,20,79,16,45,76,80,15,73,01,43,63,08,53,11,75,27,64,57,71,56,51,34,30,88,92,19,61,07,78,12,83,23,31,41,02,33,87,55,37,13",96
Pondicherry,"53,67,60",3,"51,33,74,55,50,34,96",7,"12,05,02,08,06,14,13,01,09,11,10,03,64,07,04",15
Punjab,"15,14",2,"05,36,71,14,60,10,51,20,34,21,72,45,80,00,15,73,30,01,32,81,61,46,42,07,12,35,40,06,43,09,48,31,41,03,02,47,33,08,70,11,50,13,44,04",44,"05,57,36,26,14,59,60,50,56,10,49,22,51,20,34,21,16,45,25,15,30,01,32,19,46,07,42,28,12,61,35,52,06,18,13,43,40,29,09,38,48,24,54,23,31,41,17,39,02,47,33,08,53,55,37,11,58,27,03,44,04",61
Rajasthan,"33,30,32,34,31",5,"57,26,36,69,14,60,59,66,50,56,10,22,20,16,45,65,76,80,15,30,32,61,46,78,42,28,12,52,35,40,18,43,29,38,48,24,54,23,31,17,63,39,47,33,70,55,67,37,58,75,27,13,64,44",54,"05,26,36,14,50,10,62,49,22,20,51,34,21,16,45,65,25,15,73,30,01,32,19,46,07,42,28,12,61,35,52,06,40,13,43,29,18,09,38,74,48,24,54,23,31,41,17,39,02,47,63,33,08,55,53,11,37,27,03,64,44,04",62
Sikkim,73,1,71,1,"36,26,14,22,20,34,21,16,01,32,19,07,28,12,35,06,18,38,31,03,17,02,33,11,37,27,13",27
Tamil Nadu,"63,60,66,62,64,61",6,"91,84,14,66,62,93,72,65,86,32,81,82,46,35,18,29,48,24,54,17,70,77,89,44,00,69,68,59,10,49,21,25,96,42,28,94,52,98,74,40,38,85,47,97,90,67,58,50,95,36,26,60,22,20,79,16,45,76,80,15,73,01,99,43,63,53,11,75,27,64,57,71,56,51,34,30,88,92,61,78,12,83,23,31,41,02,33,87,55,37,13",91,"91,84,14,66,62,93,72,65,86,32,81,82,46,35,18,29,09,48,24,54,17,39,70,77,89,03,44,05,69,59,68,10,49,21,25,96,42,28,94,52,06,40,74,98,38,85,47,97,90,67,58,50,04,95,26,36,60,22,20,79,16,45,76,80,15,73,01,99,43,63,08,53,11,75,27,64,57,71,56,51,34,30,88,92,19,61,07,78,12,83,23,31,41,02,33,87,55,37,13",99
Tripura,79,1,"90,91,92",3,"05,57,71,69,14,59,60,56,10,62,49,51,22,79,20,21,45,75,65,25,86,15,73,30,01,32,88,19,61,07,46,42,12,78,89,52,35,06,13,43,09,48,85,23,31,41,63,02,47,08,70,90,87,55,53,11,58,77,50,03,64,44,04",63
Uttar Pradesh,"28,25,26,27,22,20,24,21,23",9,"91,14,62,93,72,32,81,46,35,18,29,24,54,17,70,77,03,44,00,05,10,49,21,25,96,42,28,94,52,40,06,98,74,47,97,90,67,50,04,95,26,36,60,22,20,16,45,76,80,15,73,01,43,63,53,11,75,27,64,71,51,34,30,88,92,61,19,78,12,23,31,41,02,33,55,37,13",77,"91,84,14,66,62,93,72,65,86,32,81,82,46,35,18,29,09,48,24,54,17,39,70,77,89,03,44,05,69,59,68,10,49,21,25,96,42,28,94,52,06,40,98,74,38,47,97,90,67,58,50,04,95,26,36,22,20,16,45,76,80,15,73,01,43,63,08,53,11,75,27,64,57,71,56,51,34,30,88,92,19,61,07,78,12,83,23,31,41,02,33,87,55,37,13",95
Uttaranchal,"24,26,27",3,"91,36,60,14,62,93,21,76,25,80,30,92,81,61,82,85,24,54,23,31,47,64",22,"91,84,14,66,62,93,72,65,86,32,81,82,46,35,29,09,48,24,54,17,39,70,77,89,03,44,05,69,59,68,10,49,21,25,96,42,28,94,52,40,74,06,38,85,47,97,67,58,50,04,95,36,26,60,22,79,20,16,45,76,80,15,73,01,99,43,63,08,53,11,75,27,64,57,71,56,51,34,30,88,92,61,19,07,78,12,83,23,31,41,02,33,87,55,37,13",96
West Bengal,"71,73,70,74,75,72",6,"26,36,14,62,22,51,34,21,16,45,25,00,15,32,61,42,12,52,35,43,29,24,23,31,41,33,53,55,11,37,27,13,44",33,"91,84,14,66,62,93,72,65,86,32,81,82,46,35,18,29,09,48,24,54,17,39,70,77,89,03,44,05,69,68,59,10,49,21,25,96,42,28,94,52,06,40,74,98,38,85,47,97,90,67,58,50,04,95,26,36,60,22,20,79,16,45,76,80,15,73,01,99,43,63,08,53,11,75,27,64,57,71,56,51,34,30,88,92,19,61,07,78,12,83,23,31,41,02,33,87,55,37,13",99
,,1,,1,,1
